OPAC,,,,
College Algebra and Trigonometry,Louis Leithold,SCI QA 154.3 L44 2002b c.1,9814058351,1
World History,Sonia M. Zaides,CELA D 21 Z34 1996,9716420102,1
Noli Me Tangere,Jose Rizal,FIL PQ 8897 R5 N64df 2000,9715552706,1
Mechanics,Charles Kittel,ENG'G QC 122 K57 1981,7990166,1
Game Design,Bob Gates,GS QA 76.76 C672 B37 2004,1592004938,1
Research Methods,Donald H. McBurney,ENG'G BF 181 M32 2001,534577628,1
Sociology,Richard T. Schaefer,CELA HM 51 S32 2012,978-0-07-802666-9,1
Electric Circuits,James W. Nilsson,ENG'G TK 454 N547 2008,9.78E+12,1
